{
"Profiles": [
{
  "Ansi 3 Color" : {
    "Red Component" : 0.9424901008605957,
    "Color Space" : "Calibrated",
    "Alpha Component" : 1,
    "Blue Component" : 0.54832202196121216,
    "Green Component" : 0.98275065422058105
  },
  "Tags" : [

  ],
  "Ansi 12 Color" : {
    "Red Component" : 0.28794747591018677,
    "Color Space" : "Calibrated",
    "Alpha Component" : 1,
    "Blue Component" : 0.99877303838729858,
    "Green Component" : 0.72887319326400757
  },
  "Ansi 7 Color" : {
    "Red Component" : 0.93123704195022583,
    "Color Space" : "Calibrated",
    "Alpha Component" : 1,
    "Blue Component" : 0.92636489868164062,
    "Green Component" : 0.93136489391326904
  },
  "Draw Powerline Glyphs" : false,
  "Bold Color" : {
    "Red Component" : 0.96355170011520386,
    "Color Space" : "Calibrated",
    "Alpha Component" : 1,
    "Blue Component" : 0.96353918313980103,
    "Green Component" : 0.96352285146713257
  },
  "Ansi 8 Color" : {
    "Red Component" : 0.33335760235786438,
    "Color Space" : "Calibrated",
    "Alpha Component" : 1,
    "Blue Component" : 0.33335328102111816,
    "Green Component" : 0.3333476185798645
  },
  "Ansi 9 Color" : {
    "Red Component" : 0.98747438192367554,
    "Color Space" : "Calibrated",
    "Alpha Component" : 1,
    "Blue Component" : 0.27334880828857422,
    "Green Component" : 0.26170071959495544
  },
  "Ansi 4 Color" : {
    "Red Component" : 0.28794747591018677,
    "Color Space" : "Calibrated",
    "Alpha Component" : 1,
    "Blue Component" : 0.99877303838729858,
    "Green Component" : 0.72887319326400757
  },
  "Rows" : 25,
  "Default Bookmark" : "No",
  "Ansi 5 Color" : {
    "Red Component" : 0.98751437664031982,
    "Color Space" : "Calibrated",
    "Alpha Component" : 1,
    "Blue Component" : 0.70531737804412842,
    "Green Component" : 0.29879066348075867
  },
  "Cursor Guide Color" : {
    "Red Component" : 0.64999997615814209,
    "Color Space" : "Calibrated",
    "Alpha Component" : 0.25,
    "Blue Component" : 1,
    "Green Component" : 0.9100000262260437
  },
  "Non-ASCII Anti Aliased" : true,
  "Use Bright Bold" : true,
  "Ansi 10 Color" : {
    "Red Component" : 0.31426474452018738,
    "Color Space" : "Calibrated",
    "Alpha Component" : 1,
    "Blue Component" : 0.48438894748687744,
    "Green Component" : 0.98277664184570312
  },
  "Ambiguous Double Width" : false,
  "Jobs to Ignore" : [
    "rlogin",
    "ssh",
    "slogin",
    "telnet"
  ],
  "Show Status Bar" : true,
  "Ansi 15 Color" : {
    "Red Component" : 0.93123704195022583,
    "Color Space" : "Calibrated",
    "Alpha Component" : 1,
    "Blue Component" : 0.92636489868164062,
    "Green Component" : 0.93136489391326904
  },
  "Foreground Color" : {
    "Red Component" : 0.9216761589050293,
    "Color Space" : "Calibrated",
    "Alpha Component" : 1,
    "Blue Component" : 0.90218889713287354,
    "Green Component" : 0.92725068330764771
  },
  "Working Directory" : "\/Users\/liby",
  "Blinking Cursor" : false,
  "Disable Window Resizing" : true,
  "Sync Title" : false,
  "Prompt Before Closing 2" : false,
  "BM Growl" : true,
  "Mouse Reporting" : true,
  "Command" : "",
  "Custom Window Title" : "Bryan‘s Terminal",
  "Description" : "Default",
  "Screen" : -1,
  "Selection Color" : {
    "Red Component" : 0.50582021474838257,
    "Color Space" : "Calibrated",
    "Alpha Component" : 1,
    "Blue Component" : 0.77537858486175537,
    "Green Component" : 0.68074733018875122
  },
  "Columns" : 85,
  "Idle Code" : 0,
  "Background Image Mode" : 0,
  "Ansi 13 Color" : {
    "Red Component" : 0.98751437664031982,
    "Color Space" : "Calibrated",
    "Alpha Component" : 1,
    "Blue Component" : 0.70531737804412842,
    "Green Component" : 0.29879066348075867
  },
  "Custom Command" : "No",
  "Use Custom Window Title" : true,
  "ASCII Anti Aliased" : true,
  "Non Ascii Font" : "MesloLGLNerdFontCompleteM-Regular 13",
  "Vertical Spacing" : 1,
  "Use Bold Font" : true,
  "Option Key Sends" : 0,
  "Selected Text Color" : {
    "Red Component" : 0,
    "Color Space" : "Calibrated",
    "Alpha Component" : 1,
    "Blue Component" : 0,
    "Green Component" : 0
  },
  "Background Color" : {
    "Red Component" : 0.1176580935716629,
    "Color Space" : "Calibrated",
    "Alpha Component" : 1,
    "Blue Component" : 0.15977835655212402,
    "Green Component" : 0.12215268611907959
  },
  "Character Encoding" : 4,
  "Ansi 11 Color" : {
    "Red Component" : 0.9424901008605957,
    "Color Space" : "Calibrated",
    "Alpha Component" : 1,
    "Blue Component" : 0.54832202196121216,
    "Green Component" : 0.98275065422058105
  },
  "Use Italic Font" : true,
  "Unlimited Scrollback" : false,
  "Keyboard Map" : {
    "0xf700-0x260000" : {
      "Action" : 10,
      "Text" : "[1;6A"
    },
    "0x37-0x40000" : {
      "Action" : 11,
      "Text" : "0x1f"
    },
    "0x32-0x40000" : {
      "Action" : 11,
      "Text" : "0x00"
    },
    "0xf709-0x20000" : {
      "Action" : 10,
      "Text" : "[17;2~"
    },
    "0xf70c-0x20000" : {
      "Action" : 10,
      "Text" : "[20;2~"
    },
    "0xf729-0x20000" : {
      "Action" : 10,
      "Text" : "[1;2H"
    },
    "0xf72b-0x40000" : {
      "Action" : 10,
      "Text" : "[1;5F"
    },
    "0xf705-0x20000" : {
      "Action" : 10,
      "Text" : "[1;2Q"
    },
    "0xf703-0x260000" : {
      "Action" : 10,
      "Text" : "[1;6C"
    },
    "0xf700-0x220000" : {
      "Action" : 10,
      "Text" : "[1;2A"
    },
    "0xf703-0x300000" : {
      "Text" : "f",
      "Action" : 10
    },
    "0xf701-0x280000" : {
      "Action" : 11,
      "Text" : "0x1b 0x1b 0x5b 0x42"
    },
    "0x38-0x40000" : {
      "Action" : 11,
      "Text" : "0x7f"
    },
    "0x33-0x40000" : {
      "Action" : 11,
      "Text" : "0x1b"
    },
    "0xf703-0x220000" : {
      "Action" : 10,
      "Text" : "[1;2C"
    },
    "0xf701-0x240000" : {
      "Action" : 10,
      "Text" : "[1;5B"
    },
    "0xf70d-0x20000" : {
      "Action" : 10,
      "Text" : "[21;2~"
    },
    "0xf702-0x260000" : {
      "Action" : 10,
      "Text" : "[1;6D"
    },
    "0xf729-0x40000" : {
      "Action" : 10,
      "Text" : "[1;5H"
    },
    "0xf702-0x300000" : {
      "Text" : "b",
      "Action" : 10
    },
    "0xf706-0x20000" : {
      "Action" : 10,
      "Text" : "[1;2R"
    },
    "0x34-0x40000" : {
      "Action" : 11,
      "Text" : "0x1c"
    },
    "0xf700-0x280000" : {
      "Action" : 11,
      "Text" : "0x1b 0x1b 0x5b 0x41"
    },
    "0x2d-0x40000" : {
      "Action" : 11,
      "Text" : "0x1f"
    },
    "0xf70e-0x20000" : {
      "Action" : 10,
      "Text" : "[23;2~"
    },
    "0xf702-0x220000" : {
      "Action" : 10,
      "Text" : "[1;2D"
    },
    "0xf703-0x280000" : {
      "Action" : 11,
      "Text" : "0x1b 0x1b 0x5b 0x43"
    },
    "0xf700-0x240000" : {
      "Action" : 10,
      "Text" : "[1;5A"
    },
    "0xf707-0x20000" : {
      "Action" : 10,
      "Text" : "[1;2S"
    },
    "0xf70a-0x20000" : {
      "Action" : 10,
      "Text" : "[18;2~"
    },
    "0x35-0x40000" : {
      "Action" : 11,
      "Text" : "0x1d"
    },
    "0xf70f-0x20000" : {
      "Action" : 10,
      "Text" : "[24;2~"
    },
    "0xf703-0x240000" : {
      "Action" : 10,
      "Text" : "[1;5C"
    },
    "0xf701-0x260000" : {
      "Action" : 10,
      "Text" : "[1;6B"
    },
    "0xf702-0x280000" : {
      "Action" : 11,
      "Text" : "0x1b 0x1b 0x5b 0x44"
    },
    "0xf72b-0x20000" : {
      "Action" : 10,
      "Text" : "[1;2F"
    },
    "0x36-0x40000" : {
      "Action" : 11,
      "Text" : "0x1e"
    },
    "0xf708-0x20000" : {
      "Action" : 10,
      "Text" : "[15;2~"
    },
    "0xf701-0x220000" : {
      "Action" : 10,
      "Text" : "[1;2B"
    },
    "0xf70b-0x20000" : {
      "Action" : 10,
      "Text" : "[19;2~"
    },
    "0xf702-0x240000" : {
      "Action" : 10,
      "Text" : "[1;5D"
    },
    "0xf704-0x20000" : {
      "Action" : 10,
      "Text" : "[1;2P"
    }
  },
  "Window Type" : 0,